Ticker,Company_Name,Sector,Industry,Market_Cap_Cat,Cap_value
RELIANCE.NS,Reliance Industries Ltd.,Energy,Oil Gas & Consumable Fuels,Large,19635617398784
HDFCBANK.NS,HDFC Bank Ltd.,Financial Services,Financial Services,Large,14480122576896
BHARTIARTL.NS,Bharti Airtel Ltd.,Communication Services,Telecommunication,Large,12323047604224
TCS.NS,Tata Consultancy Services Ltd.,Technology,Information Technology,Large,10638262796288
ICICIBANK.NS,ICICI Bank Ltd.,Financial Services,Financial Services,Large,10071887052800
SBIN.NS,State Bank of India,Financial Services,Financial Services,Large,9839838232576
BAJFINANCE.NS,Bajaj Finance Ltd.,Financial Services,Financial Services,Large,6104451383296
INFY.NS,Infosys Ltd.,Technology,Information Technology,Large,6091595841536
HINDUNILVR.NS,Hindustan Unilever Ltd.,Consumer Defensive,Fast Moving Consumer Goods,Large,5688360697856
LICI.NS,Life Insurance Corporation of India,Financial Services,Financial Services,Large,5686172844032
LT.NS,Larsen & Toubro Ltd.,Industrials,Construction,Large,5592410750976
MARUTI.NS,Maruti Suzuki India Ltd.,Consumer Cyclical,Automobile and Auto Components,Large,4709750407168
HCLTECH.NS,HCL Technologies Ltd.,Technology,Information Technology,Large,4309022146560
M&M.NS,Mahindra & Mahindra Ltd.,Consumer Cyclical,Automobile and Auto Components,Large,4297692807168
KOTAKBANK.NS,Kotak Mahindra Bank Ltd.,Financial Services,Financial Services,Large,4200478801920
AXISBANK.NS,Axis Bank Ltd.,Financial Services,Financial Services,Large,4167803863040
ITC.NS,ITC Ltd.,Consumer Defensive,Fast Moving Consumer Goods,Large,4088914247680
SUNPHARMA.NS,Sun Pharmaceutical Industries Ltd.,Healthcare,Healthcare,Large,4066152808448
ULTRACEMCO.NS,UltraTech Cement Ltd.,Basic Materials,Construction Materials,Large,3745716109312
TITAN.NS,Titan Company Ltd.,Consumer Cyclical,Consumer Durables,Large,3673076793344
ADANIPORTS.NS,Adani Ports and Special Economic Zone Ltd.,Industrials,Services,Large,3569984471040
NTPC.NS,NTPC Ltd.,Utilities,Power,Large,3526677757952
ONGC.NS,Oil & Natural Gas Corporation Ltd.,Energy,Oil Gas & Consumable Fuels,Large,3376546840576
BAJAJFINSV.NS,Bajaj Finserv Ltd.,Financial Services,Financial Services,Large,3228222357504
BEL.NS,Bharat Electronics Ltd.,Industrials,Capital Goods,Large,3143204864000
JSWSTEEL.NS,JSW Steel Ltd.,Basic Materials,Metals & Mining,Large,3019377213440
ADANIPOWER.NS,Adani Power Ltd.,Utilities,Power,Large,2936300109824
ADANIENT.NS,Adani Enterprises Ltd.,Energy,Metals & Mining,Large,2868462223360
POWERGRID.NS,Power Grid Corporation of India Ltd.,Utilities,Power,Large,2723216621568
HAL.NS,Hindustan Aeronautics Ltd.,Industrials,Capital Goods,Large,2719239110656
COALINDIA.NS,Coal India Ltd.,Energy,Oil Gas & Consumable Fuels,Large,2662298812416
BAJAJ-AUTO.NS,Bajaj Auto Ltd.,Consumer Cyclical,Automobile and Auto Components,Large,2657786003456
VEDL.NS,Vedanta Ltd.,Basic Materials,Metals & Mining,Large,2602841669632
ETERNAL.NS,Eternal Ltd.,Consumer Cyclical,Consumer Services,Large,2583748935680
HINDZINC.NS,Hindustan Zinc Ltd.,Basic Materials,Metals & Mining,Large,2563712221184
DMART.NS,Avenue Supermarts Ltd.,Consumer Defensive,Consumer Services,Large,2533303779328
NESTLEIND.NS,Nestle India Ltd.,Consumer Defensive,Fast Moving Consumer Goods,Large,2506808623104
IOC.NS,Indian Oil Corporation Ltd.,Energy,Oil Gas & Consumable Fuels,Large,2469804638208
TATASTEEL.NS,Tata Steel Ltd.,Basic Materials,Metals & Mining,Large,2450842714112
WIPRO.NS,Wipro Ltd.,Technology,Information Technology,Large,2413637664768
ASIANPAINT.NS,Asian Paints Ltd.,Basic Materials,Consumer Durables,Large,2305419378688
HINDALCO.NS,Hindalco Industries Ltd.,Basic Materials,Metals & Mining,Large,2096580263936
SBILIFE.NS,SBI Life Insurance Company Ltd.,Financial Services,Financial Services,Large,1992422326272
EICHERMOT.NS,Eicher Motors Ltd.,Consumer Cyclical,Automobile and Auto Components,Large,1962611048448
GRASIM.NS,Grasim Industries Ltd.,Basic Materials,Construction Materials,Large,1929794551808
INDIGO.NS,InterGlobe Aviation Ltd.,Industrials,Services,Large,1894866747392
SHRIRAMFIN.NS,Shriram Finance Ltd.,Financial Services,Financial Services,Large,1883369897984
TVSMOTOR.NS,TVS Motor Company Ltd.,Consumer Cyclical,Automobile and Auto Components,Large,1782050324480
HYUNDAI.NS,Hyundai Motor India Ltd.,Consumer Cyclical,Automobile and Auto Components,Large,1777027383296
JIOFIN.NS,Jio Financial Services Ltd.,Financial Services,Financial Services,Large,1702642057216
BPCL.NS,Bharat Petroleum Corporation Ltd.,Energy,Oil Gas & Consumable Fuels,Large,1668372365312
LTIM.NS,LTIMindtree Ltd.,Technology,Information Technology,Large,1646123810816
DLF.NS,DLF Ltd.,Real Estate,Realty,Large,1638014255104
DIVISLAB.NS,Divi's Laboratories Ltd.,Healthcare,Healthcare,Large,1599448154112
ADANIGREEN.NS,Adani Green Energy Ltd.,Utilities,Power,Large,1594466500608
HDFCLIFE.NS,HDFC Life Insurance Company Ltd.,Financial Services,Financial Services,Large,1517287243776
PIDILITIND.NS,Pidilite Industries Ltd.,Basic Materials,Chemicals,Large,1509677072384
IRFC.NS,Indian Railway Finance Corporation Ltd.,Financial Services,Financial Services,Large,1496213225472
BANKBARODA.NS,Bank of Baroda,Financial Services,Financial Services,Large,1490128076800
MUTHOOTFIN.NS,Muthoot Finance Ltd.,Financial Services,Financial Services,Large,1488279699456
VBL.NS,Varun Beverages Ltd.,Consumer Defensive,Fast Moving Consumer Goods,Large,1484739444736
CHOLAFIN.NS,Cholamandalam Investment and Finance Company Ltd.,Financial Services,Financial Services,Large,1482876518400
TRENT.NS,Trent Ltd.,Consumer Cyclical,Consumer Services,Large,1455721152512
TECHM.NS,Tech Mahindra Ltd.,Technology,Information Technology,Large,1430980001792
BRITANNIA.NS,Britannia Industries Ltd.,Consumer Defensive,Fast Moving Consumer Goods,Large,1423290662912
PNB.NS,Punjab National Bank,Financial Services,Financial Services,Large,1407998492672
PFC.NS,Power Finance Corporation Ltd.,Financial Services,Financial Services,Large,1378122465280
TMPV.NS,Tata Motors Passenger Vehicles Ltd.,Consumer Cyclical,Automobile and Auto Components,Large,1358411988992
UNIONBANK.NS,Union Bank of India,Financial Services,Financial Services,Large,1357226442752
CANBK.NS,Canara Bank,Financial Services,Financial Services,Large,1333385756672
TORNTPHARM.NS,Torrent Pharmaceuticals Ltd.,Healthcare,Healthcare,Large,1332019724288
AMBUJACEM.NS,Ambuja Cements Ltd.,Basic Materials,Construction Materials,Large,1305122701312
MOTHERSON.NS,Samvardhana Motherson International Ltd.,Consumer Cyclical,Automobile and Auto Components,Large,1244286550016
ABB.NS,ABB India Ltd.,Industrials,Capital Goods,Large,1229139869696
BAJAJHLDNG.NS,Bajaj Holdings & Investment Ltd.,Financial Services,Financial Services,Large,1224117321728
ADANIENSOL.NS,Adani Energy Solutions Ltd.,Utilities,Power,Large,1221496668160
JINDALSTEL.NS,Jindal Steel Ltd.,Basic Materials,Metals & Mining,Large,1210403913728
GODREJCP.NS,Godrej Consumer Products Ltd.,Consumer Defensive,Fast Moving Consumer Goods,Large,1209679740928
CUMMINSIND.NS,Cummins India Ltd.,Industrials,Capital Goods,Large,1209146408960
IDEA.NS,Vodafone Idea Ltd.,Communication Services,Telecommunication,Large,1208024825856
ASHOKLEY.NS,Ashok Leyland Ltd.,Industrials,Capital Goods,Large,1182583095296
SOLARINDS.NS,Solar Industries India Ltd.,Basic Materials,Chemicals,Large,1176461246464
INDIANB.NS,Indian Bank,Financial Services,Financial Services,Large,1172278607872
BSE.NS,BSE Ltd.,Financial Services,Financial Services,Large,1171682361344
TATAPOWER.NS,Tata Power Co. Ltd.,Utilities,Power,Large,1167577055232
INDUSTOWER.NS,Indus Towers Ltd.,Communication Services,Telecommunication,Large,1165489864704
HDFCAMC.NS,HDFC Asset Management Company Ltd.,Financial Services,Financial Services,Large,1164185305088
HEROMOTOCO.NS,Hero MotoCorp Ltd.,Consumer Cyclical,Automobile and Auto Components,Large,1149715873792
IDBI.NS,IDBI Bank Ltd.,Financial Services,Financial Services,Large,1147607711744
POLYCAB.NS,Polycab India Ltd.,Industrials,Capital Goods,Large,1147041611776
TATACONSUM.NS,Tata Consumer Products Ltd.,Consumer Defensive,Fast Moving Consumer Goods,Large,1145116426240
SIEMENS.NS,Siemens Ltd.,Industrials,Capital Goods,Large,1117862232064
GAIL.NS,GAIL (India) Ltd.,Utilities,Oil Gas & Consumable Fuels,Large,1073052909568
CIPLA.NS,Cipla Ltd.,Healthcare,Healthcare,Large,1071197913088
BOSCHLTD.NS,Bosch Ltd.,Consumer Cyclical,Automobile and Auto Components,Large,1070189117440
CGPOWER.NS,CG Power and Industrial Solutions Ltd.,Industrials,Capital Goods,Large,1061241356288
LODHA.NS,Lodha Developers Ltd.,Real Estate,Realty,Large,1050732003328
DRREDDY.NS,Dr. Reddy's Laboratories Ltd.,Healthcare,Healthcare,Large,1030386352128
GMRAIRPORT.NS,GMR Airports Ltd.,Industrials,Services,Large,1028444258304
APOLLOHOSP.NS,Apollo Hospitals Enterprise Ltd.,Healthcare,Healthcare,Large,1024968949760
MAXHEALTH.NS,Max Healthcare Institute Ltd.,Healthcare,Healthcare,Mid,1012855341056
UNITDSPR.NS,United Spirits Ltd.,Consumer Defensive,Fast Moving Consumer Goods,Mid,1001049489408
LUPIN.NS,Lupin Ltd.,Healthcare,Healthcare,Mid,988010446848
SHREECEM.NS,Shree Cement Ltd.,Basic Materials,Construction Materials,Mid,986808451072
HINDPETRO.NS,Hindustan Petroleum Corporation Ltd.,Energy,Oil Gas & Consumable Fuels,Mid,984117870592
RECLTD.NS,REC Ltd.,Financial Services,Financial Services,Mid,981276819456
ENRIN.NS,Siemens Energy India Ltd.,Utilities,Capital Goods,Mid,976660529152
MARICO.NS,Marico Ltd.,Consumer Defensive,Fast Moving Consumer Goods,Mid,974642610176
POWERINDIA.NS,Hitachi Energy India Ltd.,Industrials,Capital Goods,Mid,974626881536
INDHOTEL.NS,Indian Hotels Co. Ltd.,Consumer Cyclical,Consumer Services,Mid,969357328384
MAZDOCK.NS,Mazagoan Dock Shipbuilders Ltd.,Industrials,Capital Goods,Mid,968918761472
ICICIPRULI.NS,ICICI Prudential Life Insurance Company Ltd.,Financial Services,Financial Services,Mid,941705003008
ICICIGI.NS,ICICI Lombard General Insurance Company Ltd.,Financial Services,Financial Services,Mid,929040826368
BHEL.NS,Bharat Heavy Electricals Ltd.,Industrials,Capital Goods,Mid,926389960704
PERSISTENT.NS,Persistent Systems Ltd.,Technology,Information Technology,Mid,913176985600
ABCAPITAL.NS,Aditya Birla Capital Ltd.,Financial Services,Financial Services,Mid,909093961728
GVT&D.NS,GE Vernova T&D India Ltd.,Industrials,Capital Goods,Mid,905124446208
DABUR.NS,Dabur India Ltd.,Consumer Defensive,Fast Moving Consumer Goods,Mid,900325113856
ZYDUSLIFE.NS,Zydus Lifesciences Ltd.,Healthcare,Healthcare,Mid,892822421504
WAAREEENER.NS,Waaree Energies Ltd.,Technology,Capital Goods,Mid,885905162240
SRF.NS,SRF Ltd.,Industrials,Chemicals,Mid,859632041984
MANKIND.NS,Mankind Pharma Ltd.,Healthcare,Healthcare,Mid,850378424320
BHARTIHEXA.NS,Bharti Hexacom Ltd.,Communication Services,Telecommunication,Mid,847700033536
HAVELLS.NS,Havells India Ltd.,Industrials,Consumer Durables,Mid,846595555328
SWIGGY.NS,Swiggy Ltd.,Consumer Cyclical,Consumer Services,Mid,829317513216
JSWENERGY.NS,JSW Energy Ltd.,Utilities,Power,Mid,828891725824
OIL.NS,Oil India Ltd.,Energy,Oil Gas & Consumable Fuels,Mid,805455462400
NHPC.NS,NHPC Ltd.,Utilities,Power,Mid,797575741440
NYKAA.NS,FSN E-Commerce Ventures Ltd.,Consumer Cyclical,Consumer Services,Mid,792391778304
PAYTM.NS,One 97 Communications Ltd.,Technology,Financial Services,Mid,759738400768
BAJAJHFL.NS,Bajaj Housing Finance Ltd.,Financial Services,Financial Services,Mid,759573970944
BANKINDIA.NS,Bank of India,Financial Services,Financial Services,Mid,742175866880
BHARATFORG.NS,Bharat Forge Ltd.,Consumer Cyclical,Automobile and Auto Components,Mid,741611077632
AUBANK.NS,AU Small Finance Bank Ltd.,Financial Services,Financial Services,Mid,738999074816
NMDC.NS,NMDC Ltd.,Basic Materials,Metals & Mining,Mid,736754335744
NAUKRI.NS,Info Edge (India) Ltd.,Communication Services,Consumer Services,Mid,732322922496
NTPCGREEN.NS,NTPC Green Energy Ltd.,Utilities,Power,Mid,732248080384
IDFCFIRSTB.NS,IDFC First Bank Ltd.,Financial Services,Financial Services,Mid,730378403840
SBICARD.NS,SBI Cards and Payment Services Ltd.,Financial Services,Financial Services,Mid,719350136832
TORNTPOWER.NS,Torrent Power Ltd.,Utilities,Power,Mid,719070363648
LTF.NS,L&T Finance Ltd.,Financial Services,Financial Services,Mid,714417307648
INDUSINDBK.NS,IndusInd Bank Ltd.,Financial Services,Financial Services,Mid,705609203712
FEDERALBNK.NS,Federal Bank Ltd.,Financial Services,Financial Services,Mid,705378910208
DIXON.NS,Dixon Technologies (India) Ltd.,Technology,Consumer Durables,Mid,697564397568
AUROPHARMA.NS,Aurobindo Pharma Ltd.,Healthcare,Healthcare,Mid,694057893888
POLICYBZR.NS,PB Fintech Ltd.,Financial Services,Financial Services,Mid,688771629056
LLOYDSME.NS,Lloyds Metals And Energy Ltd.,Basic Materials,Metals & Mining,Mid,683273027584
IOB.NS,Indian Overseas Bank,Financial Services,Financial Services,Mid,671271026688
PRESTIGE.NS,Prestige Estates Projects Ltd.,Real Estate,Realty,Mid,670388584448
YESBANK.NS,Yes Bank Ltd.,Financial Services,Financial Services,Mid,670274813952
GICRE.NS,General Insurance Corporation of India,Financial Services,Financial Services,Mid,668426371072
ALKEM.NS,Alkem Laboratories Ltd.,Healthcare,Healthcare,Mid,668069462016
COROMANDEL.NS,Coromandel International Ltd.,Basic Materials,Chemicals,Mid,665712197632
UNOMINDA.NS,UNO Minda Ltd.,Consumer Cyclical,Automobile and Auto Components,Mid,665340477440
SUZLON.NS,Suzlon Energy Ltd.,Industrials,Capital Goods,Mid,658911133696
SAIL.NS,Steel Authority of India Ltd.,Basic Materials,Metals & Mining,Mid,657538285568
RVNL.NS,Rail Vikas Nigam Ltd.,Industrials,Construction,Mid,653419610112
NATIONALUM.NS,National Aluminium Co. Ltd.,Basic Materials,Metals & Mining,Mid,649788456960
JSL.NS,Jindal Stainless Ltd.,Basic Materials,Metals & Mining,Mid,649090498560
FORTIS.NS,Fortis Healthcare Ltd.,Healthcare,Healthcare,Mid,644658757632
OFSS.NS,Oracle Financial Services Software Ltd.,Technology,Information Technology,Mid,632262688768
PHOENIXLTD.NS,Phoenix Mills Ltd.,Real Estate,Realty,Mid,623843540992
UPL.NS,UPL Ltd.,Basic Materials,Chemicals,Mid,622305345536
MRF.NS,MRF Ltd.,Consumer Cyclical,Automobile and Auto Components,Mid,620033933312
APLAPOLLO.NS,APL Apollo Tubes Ltd.,Basic Materials,Capital Goods,Mid,610942910464
MCX.NS,Multi Commodity Exchange of India Ltd.,Financial Services,Financial Services,Mid,604979986432
SCHAEFFLER.NS,Schaeffler India Ltd.,Consumer Cyclical,Automobile and Auto Components,Mid,601769115648
SUNDARMFIN.NS,Sundaram Finance Ltd.,Financial Services,Financial Services,Mid,600661032960
ATGL.NS,Adani Total Gas Ltd.,Utilities,Oil Gas & Consumable Fuels,Mid,594541936640
BIOCON.NS,Biocon Ltd.,Healthcare,Healthcare,Mid,590165311488
MFSL.NS,Max Financial Services Ltd.,Financial Services,Financial Services,Mid,588237701120
NAM-INDIA.NS,Nippon Life India Asset Management Ltd.,Financial Services,Financial Services,Mid,586224369664
COLPAL.NS,Colgate Palmolive (India) Ltd.,Consumer Defensive,Fast Moving Consumer Goods,Mid,580689330176
ABBOTINDIA.NS,Abbott India Ltd.,Healthcare,Healthcare,Mid,579787227136
VMM.NS,Vishal Mega Mart Ltd.,Consumer Cyclical,Consumer Services,Mid,570807353344
PATANJALI.NS,Patanjali Foods Ltd.,Consumer Defensive,Fast Moving Consumer Goods,Mid,570664484864
HINDCOPPER.NS,Hindustan Copper Ltd.,Basic Materials,Metals & Mining,Mid,559349039104
OBEROIRLTY.NS,Oberoi Realty Ltd.,Real Estate,Realty,Mid,557849313280
BERGEPAINT.NS,Berger Paints India Ltd.,Basic Materials,Consumer Durables,Mid,551160971264
GLENMARK.NS,Glenmark Pharmaceuticals Ltd.,Healthcare,Healthcare,Mid,544016203776
JSWINFRA.NS,JSW Infrastructure Ltd.,Industrials,Services,Mid,541816225792
BALKRISIND.NS,Balkrishna Industries Ltd.,Consumer Cyclical,Automobile and Auto Components,Mid,521202466816
M&MFIN.NS,Mahindra & Mahindra Financial Services Ltd.,Financial Services,Financial Services,Mid,521193324544
LINDEINDIA.NS,Linde India Ltd.,Basic Materials,Chemicals,Mid,519039778816
COFORGE.NS,Coforge Ltd.,Technology,Information Technology,Mid,518112444416
LAURUSLABS.NS,Laurus Labs Ltd.,Healthcare,Healthcare,Mid,511606456320
GODREJPROP.NS,Godrej Properties Ltd.,Real Estate,Realty,Mid,510755569664
FACT.NS,Fertilisers and Chemicals Travancore Ltd.,Basic Materials,Chemicals,Mid,508598583296
MAHABANK.NS,Bank of Maharashtra,Financial Services,Financial Services,Mid,503796826112
IRCTC.NS,Indian Railway Catering And Tourism Corporation Ltd.,Consumer Cyclical,Consumer Services,Mid,496400007168
MPHASIS.NS,MphasiS Ltd.,Technology,Information Technology,Mid,495495380992
VOLTAS.NS,Voltas Ltd.,Consumer Cyclical,Consumer Durables,Mid,475150483456
PIIND.NS,PI Industries Ltd.,Basic Materials,Chemicals,Mid,474087784448
MOTILALOFS.NS,Motilal Oswal Financial Services Ltd.,Financial Services,Financial Services,Mid,468882325504
SUPREMEIND.NS,Supreme Industries Ltd.,Industrials,Capital Goods,Mid,467406815232
BDL.NS,Bharat Dynamics Ltd.,Industrials,Capital Goods,Mid,464801234944
360ONE.NS,360 ONE WAM Ltd.,Financial Services,Financial Services,Mid,451965747200
TIINDIA.NS,Tube Investments of India Ltd.,Industrials,Automobile and Auto Components,Mid,447716982784
PETRONET.NS,Petronet LNG Ltd.,Energy,Oil Gas & Consumable Fuels,Mid,444900048896
JKCEMENT.NS,J.K. Cement Ltd.,Basic Materials,Construction Materials,Mid,443519729664
TATACOMM.NS,Tata Communications Ltd.,Communication Services,Telecommunication,Mid,437474983936
AIIL.NS,Authum Investment & Infrastructure Ltd.,Financial Services,Financial Services,Mid,428009652224
KEI.NS,KEI Industries Ltd.,Industrials,Capital Goods,Mid,424466612224
GLAXO.NS,Glaxosmithkline Pharmaceuticals Ltd.,Healthcare,Healthcare,Mid,420957028352
ESCORTS.NS,Escorts Kubota Ltd.,Industrials,Capital Goods,Mid,414464147456
LTTS.NS,L&T Technology Services Ltd.,Technology,Information Technology,Mid,408191074304
UBL.NS,United Breweries Ltd.,Consumer Defensive,Fast Moving Consumer Goods,Mid,403217842176
PAGEIND.NS,Page Industries Ltd.,Consumer Cyclical,Textiles,Mid,397767442432
DALBHARAT.NS,Dalmia Bharat Ltd.,Basic Materials,Construction Materials,Mid,397609598976
ASTRAL.NS,Astral Ltd.,Industrials,Capital Goods,Mid,396554502144
3MINDIA.NS,3M India Ltd.,Industrials,Diversified,Mid,394277453824
COCHINSHIP.NS,Cochin Shipyard Ltd.,Industrials,Capital Goods,Mid,393362407424
KALYANKJIL.NS,Kalyan Jewellers India Ltd.,Consumer Cyclical,Consumer Durables,Mid,393337176064
CONCOR.NS,Container Corporation of India Ltd.,Industrials,Services,Mid,388996366336
BLUESTARCO.NS,Blue Star Ltd.,Industrials,Consumer Durables,Mid,384660406272
PGHH.NS,Procter & Gamble Hygiene & Health Care Ltd.,Consumer Defensive,Fast Moving Consumer Goods,Mid,384659718144
HUDCO.NS,Housing & Urban Development Corporation Ltd.,Financial Services,Financial Services,Mid,384344784896
APARINDS.NS,Apar Industries Ltd.,Industrials,Capital Goods,Mid,378921320448
ITCHOTELS.NS,ITC Hotels Ltd.,Consumer Cyclical,Consumer Services,Mid,378453917696
FLUOROCHEM.NS,Gujarat Fluorochemicals Ltd.,Basic Materials,Chemicals,Mid,376675663872
HEXT.NS,Hexaware Technologies Ltd.,Technology,Information Technology,Mid,374747791360
RADICO.NS,Radico Khaitan Ltd,Consumer Defensive,Fast Moving Consumer Goods,Mid,365529235456
AIAENG.NS,AIA Engineering Ltd.,Industrials,Capital Goods,Mid,362922901504
IREDA.NS,Indian Renewable Energy Development Agency Ltd.,Financial Services,Financial Services,Mid,361520005120
IPCALAB.NS,Ipca Laboratories Ltd.,Healthcare,Healthcare,Mid,358257459200
UCOBANK.NS,UCO Bank,Financial Services,Financial Services,Mid,358122061824
JUBLFOOD.NS,Jubilant Foodworks Ltd.,Consumer Cyclical,Consumer Services,Mid,357942296576
POONAWALLA.NS,Poonawalla Fincorp Ltd.,Financial Services,Financial Services,Mid,356717494272
PREMIERENE.NS,Premier Energies Ltd.,Technology,Capital Goods,Mid,356370743296
NLCINDIA.NS,NLC India Ltd.,Utilities,Power,Mid,355949641728
AJANTPHARM.NS,Ajanta Pharmaceuticals Ltd.,Healthcare,Healthcare,Mid,353927692288
NH.NS,Narayana Hrudayalaya Ltd.,Healthcare,Healthcare,Mid,349047390208
CRISIL.NS,CRISIL Ltd.,Financial Services,Financial Services,Mid,347730149376
ENDURANCE.NS,Endurance Technologies Ltd.,Consumer Cyclical,Automobile and Auto Components,Mid,343709679616
GODFRYPHLP.NS,Godfrey Phillips India Ltd.,Consumer Defensive,Fast Moving Consumer Goods,Mid,339104333824
GODREJIND.NS,Godrej Industries Ltd.,Industrials,Diversified,Mid,335912304640
CENTRALBK.NS,Central Bank of India,Financial Services,Financial Services,Mid,335171485696
KPRMILL.NS,K.P.R. Mill Ltd.,Consumer Cyclical,Textiles,Mid,334661648384
NAVINFLUOR.NS,Navin Fluorine International Ltd.,Basic Materials,Chemicals,Mid,329524609024
DELHIVERY.NS,Delhivery Ltd.,Industrials,Services,Mid,324871290880
TATAELXSI.NS,Tata Elxsi Ltd.,Technology,Information Technology,Mid,324456972288
MRPL.NS,Mangalore Refinery & Petrochemicals Ltd.,Energy,Oil Gas & Consumable Fuels,Mid,323400237056
THERMAX.NS,Thermax Ltd.,Industrials,Capital Goods,Mid,323301015552
SONACOMS.NS,Sona BLW Precision Forgings Ltd.,Consumer Cyclical,Automobile and Auto Components,Mid,319007457280
APOLLOTYRE.NS,Apollo Tyres Ltd.,Consumer Cyclical,Automobile and Auto Components,Mid,318465867776
TATAINVEST.NS,Tata Investment Corporation Ltd.,Financial Services,Financial Services,Mid,315689369600
ACC.NS,ACC Ltd.,Basic Materials,Construction Materials,Mid,314168082432
CHOLAHLDNG.NS,Cholamandalam Financial Holdings Ltd.,Financial Services,Financial Services,Mid,312123228160
MEDANTA.NS,Global Health Ltd.,Healthcare,Healthcare,Mid,306783944704
KARURVYSYA.NS,Karur Vysya Bank Ltd.,Financial Services,Financial Services,Mid,303808315392
GLAND.NS,Gland Pharma Ltd.,Healthcare,Healthcare,Small,302822293504
JBCHEPHARM.NS,J.B. Chemicals & Pharmaceuticals Ltd.,Healthcare,Healthcare,Small,296765980672
ASTERDM.NS,Aster DM Healthcare Ltd.,Healthcare,Healthcare,Small,292353441792
GUJGASLTD.NS,Gujarat Gas Ltd.,Utilities,Oil Gas & Consumable Fuels,Small,291877421056
EMCURE.NS,Emcure Pharmaceuticals Ltd.,Healthcare,Healthcare,Small,286633689088
GODIGIT.NS,Go Digit General Insurance Ltd.,Financial Services,Financial Services,Small,286344151040
MSUMI.NS,Motherson Sumi Wiring India Ltd.,Consumer Cyclical,Automobile and Auto Components,Small,284498329600
LICHSGFIN.NS,LIC Housing Finance Ltd.,Financial Services,Financial Services,Small,284382560256
SJVN.NS,SJVN Ltd.,Utilities,Power,Small,284124184576
IKS.NS,Inventurus Knowledge Solutions Ltd.,Healthcare,Information Technology,Small,284100231168
GILLETTE.NS,Gillette India Ltd.,Consumer Defensive,Fast Moving Consumer Goods,Small,283230699520
HONAUT.NS,Honeywell Automation India Ltd.,Industrials,Capital Goods,Small,282230751232
EXIDEIND.NS,Exide Industries Ltd.,Consumer Cyclical,Automobile and Auto Components,Small,281852805120
FORCEMOT.NS,Force Motors Ltd.,Consumer Cyclical,Automobile and Auto Components,Small,279995580416
ITI.NS,ITI Ltd.,Technology,Telecommunication,Small,279677665280
ZFCVINDIA.NS,ZF Commercial Vehicle Control Systems India Ltd.,Consumer Cyclical,Automobile and Auto Components,Small,279259742208
CDSL.NS,Central Depository Services (India) Ltd.,Financial Services,Financial Services,Small,277740093440
GRSE.NS,Garden Reach Shipbuilders & Engineers Ltd.,Industrials,Capital Goods,Small,274969788416
RAMCOCEM.NS,The Ramco Cements Ltd.,Basic Materials,Construction Materials,Small,274264555520
AWL.NS,AWL Agri Business Ltd.,Consumer Defensive,Fast Moving Consumer Goods,Small,272886857728
STARHEALTH.NS,Star Health and Allied Insurance Company Ltd.,Financial Services,Financial Services,Small,270134444032
ATHERENERG.NS,Ather Energy Ltd.,Consumer Cyclical,Automobile and Auto Components,Small,270005288960
NBCC.NS,NBCC (India) Ltd.,Industrials,Construction,Small,265085992960
IRB.NS,IRB Infrastructure Developers Ltd.,Industrials,Construction,Small,260703617024
KPITTECH.NS,KPIT Technologies Ltd.,Technology,Information Technology,Small,260141416448
PTCIL.NS,PTC Industries Ltd.,Industrials,Capital Goods,Small,260120723456
BANDHANBNK.NS,Bandhan Bank Ltd.,Financial Services,Financial Services,Small,255661162496
MANAPPURAM.NS,Manappuram Finance Ltd.,Financial Services,Financial Services,Small,254353637376
TATATECH.NS,Tata Technologies Ltd.,Technology,Information Technology,Small,250354401280
KAYNES.NS,Kaynes Technology India Ltd.,Technology,Capital Goods,Small,249088851968
ASAHIINDIA.NS,Asahi India Glass Ltd.,Consumer Cyclical,Automobile and Auto Components,Small,247534305280
NIACL.NS,The New India Assurance Company Ltd.,Financial Services,Financial Services,Small,247406247936
IGL.NS,Indraprastha Gas Ltd.,Utilities,Oil Gas & Consumable Fuels,Small,246950526976
NUVAMA.NS,Nuvama Wealth Management Ltd.,Financial Services,Financial Services,Small,246629564416
TIMKEN.NS,Timken India Ltd.,Industrials,Capital Goods,Small,244321992704
ANANDRATHI.NS,Anand Rathi Wealth Ltd.,Financial Services,Financial Services,Small,243938148352
AEGISLOG.NS,Aegis Logistics Ltd.,Energy,Oil Gas & Consumable Fuels,Small,242189991936
LALPATHLAB.NS,Dr. Lal Path Labs Ltd.,Healthcare,Healthcare,Small,241143087104
ANGELONE.NS,Angel One Ltd.,Financial Services,Financial Services,Small,239106146304
AEGISVOPAK.NS,Aegis Vopak Terminals Ltd.,Energy,Oil Gas & Consumable Fuels,Small,238772174848
SHYAMMETL.NS,Shyam Metalics and Energy Ltd.,Basic Materials,Capital Goods,Small,238580858880
KIMS.NS,Krishna Institute of Medical Sciences Ltd.,Healthcare,Healthcare,Small,237902610432
ABSLAMC.NS,Aditya Birla Sun Life AMC Ltd.,Financial Services,Financial Services,Small,234847928320
AMBER.NS,Amber Enterprises India Ltd.,Consumer Cyclical,Consumer Durables,Small,233155461120
AFFLE.NS,Affle 3i Ltd.,Communication Services,Information Technology,Small,231198081024
HSCL.NS,Himadri Speciality Chemical Ltd.,Basic Materials,Chemicals,Small,228977901568
WOCKPHARMA.NS,Wockhardt Ltd.,Healthcare,Healthcare,Small,225896611840
SAGILITY.NS,Sagility Ltd.,Healthcare,Information Technology,Small,225874100224
PNBHOUSING.NS,PNB Housing Finance Ltd.,Financial Services,Financial Services,Small,220807053312
DEEPAKNTR.NS,Deepak Nitrite Ltd.,Basic Materials,Chemicals,Small,219592802304
EMAMILTD.NS,Emami Ltd.,Consumer Defensive,Fast Moving Consumer Goods,Small,219165540352
IIFL.NS,IIFL Finance Ltd.,Financial Services,Financial Services,Small,218758512640
HBLENGINE.NS,HBL Engineering Ltd.,Industrials,Capital Goods,Small,218152419328
WELCORP.NS,Welspun Corp Ltd.,Basic Materials,Capital Goods,Small,217292046336
CUB.NS,City Union Bank Ltd.,Financial Services,Financial Services,Small,216598265856
ASTRAZEN.NS,AstraZenca Pharma India Ltd.,Healthcare,Healthcare,Small,213937504256
EIHOTEL.NS,EIH Ltd.,Consumer Cyclical,Consumer Services,Small,213874540544
SUNTV.NS,Sun TV Network Ltd.,Communication Services,Media Entertainment & Publication,Small,211465797632
PFIZER.NS,Pfizer Ltd.,Healthcare,Healthcare,Small,210485313536
INDIACEM.NS,India Cements Ltd.,Basic Materials,Construction Materials,Small,210110038016
REDINGTON.NS,Redington Ltd.,Technology,Services,Small,210023694336
PPLPHARMA.NS,Piramal Pharma Ltd.,Healthcare,Healthcare,Small,209466130432
CREDITACC.NS,CreditAccess Grameen Ltd.,Financial Services,Financial Services,Small,206479687680
AADHARHFC.NS,Aadhar Housing Finance Ltd.,Financial Services,Financial Services,Small,205554384896
CESC.NS,CESC Ltd.,Utilities,Power,Small,203872731136
SUMICHEM.NS,Sumitomo Chemical India Ltd.,Basic Materials,Chemicals,Small,203676401664
BAYERCROP.NS,Bayer Cropscience Ltd.,Basic Materials,Chemicals,Small,201860071424
FSL.NS,Firstsource Solutions Ltd.,Technology,Services,Small,200653815808
ANANTRAJ.NS,Anant Raj Ltd.,Real Estate,Realty,Small,199481114624
SUNDRMFAST.NS,Sundram Fasteners Ltd.,Consumer Cyclical,Automobile and Auto Components,Small,195629514752
ERIS.NS,Eris Lifesciences Ltd.,Healthcare,Healthcare,Small,194885500928
GMDCLTD.NS,Gujarat Mineral Development Corporation Ltd.,Energy,Metals & Mining,Small,190529716224
ATUL.NS,Atul Ltd.,Basic Materials,Chemicals,Small,189163274240
BRIGADE.NS,Brigade Enterprises Ltd.,Real Estate,Realty,Small,187101773824
CRAFTSMAN.NS,Craftsman Automation Ltd.,Consumer Cyclical,Automobile and Auto Components,Small,186932363264
SARDAEN.NS,Sarda Energy and Minerals Ltd.,Basic Materials,Metals & Mining,Small,186762084352
JYOTICNC.NS,Jyoti CNC Automation Ltd.,Industrials,Capital Goods,Small,186464206848
RBLBANK.NS,RBL Bank Ltd.,Financial Services,Financial Services,Small,186453508096
KPIL.NS,Kalpataru Projects International Ltd.,Industrials,Construction,Small,185800523776
CHALET.NS,Chalet Hotels Ltd.,Consumer Cyclical,Consumer Services,Small,185016041472
INOXWIND.NS,Inox Wind Ltd.,Industrials,Capital Goods,Small,183642849280
CASTROLIND.NS,Castrol India Ltd.,Energy,Oil Gas & Consumable Fuels,Small,183274471424
GESHIP.NS,Great Eastern Shipping Co. Ltd.,Industrials,Services,Small,181514174464
SCHNEIDER.NS,Schneider Electric Infrastructure Ltd.,Industrials,Capital Goods,Small,181025652736
VENTIVE.NS,Ventive Hospitality Ltd.,Consumer Cyclical,Consumer Services,Small,180294123520
DCMSHRIRAM.NS,DCM Shriram Ltd.,Industrials,Diversified,Small,180168818688
SYNGENE.NS,Syngene International Ltd.,Healthcare,Healthcare,Small,179964706816
TATACHEM.NS,Tata Chemicals Ltd.,Basic Materials,Chemicals,Small,179335675904
SAILIFE.NS,Sai Life Sciences Ltd.,Healthcare,Healthcare,Small,179249856512
CAMS.NS,Computer Age Management Services Ltd.,Technology,Financial Services,Small,178975342592
CENTURYPLY.NS,Century Plyboards (India) Ltd.,Basic Materials,Consumer Durables,Small,178404917248
NETWEB.NS,Netweb Technologies India Ltd.,Technology,Information Technology,Small,177167974400
KIRLOSENG.NS,Kirloskar Oil Eng Ltd.,Industrials,Capital Goods,Small,173537214464
GSPL.NS,Gujarat State Petronet Ltd.,Utilities,Oil Gas & Consumable Fuels,Small,172648611840
CHAMBLFERT.NS,Chambal Fertilizers & Chemicals Ltd.,Basic Materials,Chemicals,Small,171479171072
CHOICEIN.NS,Choice International Ltd.,Financial Services,Financial Services,Small,169036185600
KFINTECH.NS,Kfin Technologies Ltd.,Technology,Financial Services,Small,167187267584
NEULANDLAB.NS,Neuland Laboratories Ltd.,Healthcare,Healthcare,Small,166943342592
PGEL.NS,PG Electroplast Ltd.,Technology,Consumer Durables,Small,166461243392
SYRMA.NS,Syrma SGS Technology Ltd.,Technology,Capital Goods,Small,166010798080
CGCL.NS,Capri Global Capital Ltd.,Financial Services,Financial Services,Small,165971558400
RRKABEL.NS,R R Kabel Ltd.,Industrials,Capital Goods,Small,165919244288
KEC.NS,Kec International Ltd.,Industrials,Construction,Small,163180593152
BIKAJI.NS,Bikaji Foods International Ltd.,Consumer Defensive,Fast Moving Consumer Goods,Small,163110797312
IFCI.NS,IFCI Ltd.,Financial Services,Financial Services,Small,162550956032
GPIL.NS,Godawari Power & Ispat Ltd.,Basic Materials,Capital Goods,Small,162166980608
SOBHA.NS,Sobha Ltd.,Real Estate,Realty,Small,161671626752
TRITURBINE.NS,Triveni Turbine Ltd.,Industrials,Capital Goods,Small,161488355328
JSWCEMENT.NS,JSW Cement Ltd.,Basic Materials,Construction Materials,Small,161451524096
DEVYANI.NS,Devyani International Ltd.,Consumer Cyclical,Consumer Services,Small,160327565312
AARTIIND.NS,Aarti Industries Ltd.,Basic Materials,Chemicals,Small,159892193280
ARE&M.NS,Amara Raja Energy & Mobility Ltd.,Industrials,Automobile and Auto Components,Small,158334353408
NAVA.NS,Nava Ltd.,Industrials,Power,Small,158211866624
CEATLTD.NS,Ceat Ltd.,Consumer Cyclical,Automobile and Auto Components,Small,158054039552
BASF.NS,BASF India Ltd.,Basic Materials,Chemicals,Small,157386588160
EIDPARRY.NS,E.I.D. Parry (India) Ltd.,Basic Materials,Fast Moving Consumer Goods,Small,157345857536
CROMPTON.NS,Crompton Greaves Consumer Electricals Ltd.,Consumer Cyclical,Consumer Durables,Small,157050830848
TBOTEK.NS,TBO Tek Ltd.,Consumer Cyclical,Consumer Services,Small,156321939456
APLLTD.NS,Alembic Pharmaceuticals Ltd.,Healthcare,Healthcare,Small,156055158784
JKTYRE.NS,JK Tyre & Industries Ltd.,Consumer Cyclical,Automobile and Auto Components,Small,155800207360
MAHSCOOTER.NS,Maharashtra Scooters Ltd.,Financial Services,Financial Services,Small,155216560128
ELGIEQUIP.NS,Elgi Equipments Ltd.,Industrials,Capital Goods,Small,153064144896
DATAPATTNS.NS,Data Patterns (India) Ltd.,Industrials,Capital Goods,Small,151436640256
KAJARIACER.NS,Kajaria Ceramics Ltd.,Industrials,Consumer Durables,Small,149238136832
ABREL.NS,Aditya Birla Real Estate Ltd.,Real Estate,Forest Materials,Small,148414611456
CARBORUNIV.NS,Carborundum Universal Ltd.,Industrials,Capital Goods,Small,148371898368
NATCOPHARM.NS,NATCO Pharma Ltd.,Healthcare,Healthcare,Small,147811614720
JUBLPHARMA.NS,Jubilant Pharmova Ltd.,Healthcare,Healthcare,Small,147789611008
DOMS.NS,DOMS Industries Ltd.,Industrials,Fast Moving Consumer Goods,Small,147139411968
VGUARD.NS,V-Guard Industries Ltd.,Industrials,Consumer Durables,Small,146699075584
THELEELA.NS,Leela Palaces Hotels & Resorts Ltd.,Consumer Cyclical,Consumer Services,Small,144269803520
IRCON.NS,IRCON International Ltd.,Industrials,Construction,Small,144152854528
NIVABUPA.NS,Niva Bupa Health Insurance Company Ltd.,Financial Services,Financial Services,Small,143324135424
ZENSARTECH.NS,Zensar Technolgies Ltd.,Technology,Information Technology,Small,142743633920
AGARWALEYE.NS,Dr. Agarwal's Health Care Ltd.,Healthcare,Healthcare,Small,142563377152
TRIDENT.NS,Trident Ltd.,Consumer Cyclical,Textiles,Small,141306068992
POLYMED.NS,Poly Medicure Ltd.,Healthcare,Healthcare,Small,140650577920
CAPLIPOINT.NS,Caplin Point Laboratories Ltd.,Healthcare,Healthcare,Small,139640553472
LTFOODS.NS,LT Foods Ltd.,Consumer Defensive,Fast Moving Consumer Goods,Small,138972512256
BLUEDART.NS,Blue Dart Express Ltd.,Industrials,Services,Small,138808410112
IGIL.NS,International Gemmological Institute (India) Ltd.,Basic Materials,Services,Small,138723262464
CONCORDBIO.NS,Concord Biotech Ltd.,Healthcare,Healthcare,Small,138668785664
VTL.NS,Vardhman Textiles Ltd.,Consumer Cyclical,Textiles,Small,137966190592
MINDACORP.NS,Minda Corporation Ltd.,Consumer Cyclical,Automobile and Auto Components,Small,137450766336
GRANULES.NS,Granules India Ltd.,Healthcare,Healthcare,Small,137398378496
UTIAMC.NS,UTI Asset Management Company Ltd.,Financial Services,Financial Services,Small,136872869888
JBMA.NS,JBM Auto Ltd.,Consumer Cyclical,Automobile and Auto Components,Small,136629862400
BEML.NS,BEML Ltd.,Industrials,Capital Goods,Small,135752261632
INDIAMART.NS,Indiamart Intermesh Ltd.,Communication Services,Consumer Services,Small,135571472384
ABLBL.NS,Aditya Birla Lifestyle Brands Ltd.,Consumer Cyclical,Consumer Services,Small,135314251776
CHENNPETRO.NS,Chennai Petroleum Corporation Ltd.,Energy,Oil Gas & Consumable Fuels,Small,134744702976
WELSPUNLIV.NS,Welspun Living Ltd.,Consumer Cyclical,Textiles,Small,134575038464
ACMESOLAR.NS,ACME Solar Holdings Ltd.,Utilities,Power,Small,134495436800
AKZOINDIA.NS,Akzo Nobel India Ltd.,Basic Materials,Consumer Durables,Small,133364801536
FIVESTAR.NS,Five-Star Business Finance Ltd.,Financial Services,Financial Services,Small,133137883136
OLAELEC.NS,Ola Electric Mobility Ltd.,Consumer Cyclical,Automobile and Auto Components,Small,133034442752
CCL.NS,CCL Products (I) Ltd.,Consumer Defensive,Fast Moving Consumer Goods,Small,131932659712
SWANCORP.NS,Swan Corp Ltd.,Industrials,Chemicals,Small,131024986112
FIRSTCRY.NS,Brainbees Solutions Ltd.,Consumer Cyclical,Consumer Services,Small,130751160320
APTUS.NS,Aptus Value Housing Finance India Ltd.,Financial Services,Financial Services,Small,129778753536
COHANCE.NS,Cohance Lifesciences Ltd.,Healthcare,Healthcare,Small,129651998720
ONESOURCE.NS,Onesource Specialty Pharma Ltd.,Healthcare,Healthcare,Small,128877232128
JWL.NS,Jupiter Wagons Ltd.,Industrials,Capital Goods,Small,127570067456
KIRLOSBROS.NS,Kirloskar Brothers Ltd.,Industrials,Capital Goods,Small,126704664576
USHAMART.NS,Usha Martin Ltd.,Basic Materials,Capital Goods,Small,126572388352
DEEPAKFERT.NS,Deepak Fertilisers & Petrochemicals Corp. Ltd.,Basic Materials,Chemicals,Small,125859864576
CANFINHOME.NS,Can Fin Homes Ltd.,Financial Services,Financial Services,Small,123946532864
BBTC.NS,Bombay Burmah Trading Corporation Ltd.,Consumer Defensive,Fast Moving Consumer Goods,Small,123845132288
KSB.NS,KSB Ltd.,Industrials,Capital Goods,Small,123741880320
ZYDUSWELL.NS,Zydus Wellness Ltd.,Consumer Defensive,Fast Moving Consumer Goods,Small,123469545472
SIGNATURE.NS,Signatureglobal (India) Ltd.,Real Estate,Realty,Small,123452686336
NUVOCO.NS,Nuvoco Vistas Corporation Ltd.,Basic Materials,Construction Materials,Small,123290312704
HOMEFIRST.NS,Home First Finance Company India Ltd.,Financial Services,Financial Services,Small,122337288192
AFCONS.NS,Afcons Infrastructure Ltd.,Industrials,Construction,Small,121552822272
NSLNISP.NS,NMDC Steel Ltd.,Basic Materials,Metals & Mining,Small,121354502144
GRAPHITE.NS,Graphite India Ltd.,Industrials,Capital Goods,Small,121110626304
BSOFT.NS,Birlasoft Ltd.,Technology,Information Technology,Small,120399413248
BLS.NS,BLS International Services Ltd.,Industrials,Consumer Services,Small,119802101760
TECHNOE.NS,Techno Electric & Engineering Company Ltd.,Industrials,Construction,Small,119672266752
SAMMAANCAP.NS,Sammaan Capital Ltd.,Financial Services,Financial Services,Small,119410696192
ZENTEC.NS,Zen Technologies Ltd.,Industrials,Capital Goods,Small,119146659840
GRAVITA.NS,Gravita India Ltd.,Industrials,Metals & Mining,Small,119088349184
JINDALSAW.NS,Jindal Saw Ltd.,Basic Materials,Capital Goods,Small,119058677760
CYIENT.NS,Cyient Ltd.,Industrials,Information Technology,Small,117481119744
FINCABLES.NS,Finolex Cables Ltd.,Industrials,Capital Goods,Small,117159182336
INDGN.NS,Indegene Ltd.,Healthcare,Healthcare,Small,116794122240
JMFINANCIL.NS,JM Financial Ltd.,Financial Services,Financial Services,Small,116791189504
RPOWER.NS,Reliance Power Ltd.,Utilities,Power,Small,116008370176
MANYAVAR.NS,Vedant Fashions Ltd.,Consumer Cyclical,Consumer Services,Small,114428182528
J&KBANK.NS,Jammu & Kashmir Bank Ltd.,Financial Services,Financial Services,Small,113642029056
RAINBOW.NS,Rainbow Childrens Medicare Ltd.,Healthcare,Healthcare,Small,113194967040
MGL.NS,Mahanagar Gas Ltd.,Utilities,Oil Gas & Consumable Fuels,Small,112498008064
ACE.NS,Action Construction Equipment Ltd.,Industrials,Capital Goods,Small,109262897152
BATAINDIA.NS,Bata India Ltd.,Consumer Cyclical,Consumer Durables,Small,109055614976
HFCL.NS,HFCL Ltd.,Technology,Telecommunication,Small,108153643008
WHIRLPOOL.NS,Whirlpool of India Ltd.,Consumer Cyclical,Consumer Durables,Small,108009209856
RITES.NS,RITES Ltd.,Industrials,Construction,Small,107559124992
IEX.NS,Indian Energy Exchange Ltd.,Financial Services,Financial Services,Small,107338539008
GODREJAGRO.NS,Godrej Agrovet Ltd.,Consumer Defensive,Fast Moving Consumer Goods,Small,106932273152
PCBL.NS,PCBL Chemical Ltd.,Basic Materials,Chemicals,Small,106825097216
FINPIPE.NS,Finolex Industries Ltd.,Industrials,Capital Goods,Small,106232512512
TITAGARH.NS,Titagarh Rail Systems Ltd.,Industrials,Capital Goods,Small,105301417984
INTELLECT.NS,Intellect Design Arena Ltd.,Technology,Information Technology,Small,105230090240
RAILTEL.NS,Railtel Corporation Of India Ltd.,Communication Services,Telecommunication,Small,103807533056
JPPOWER.NS,Jaiprakash Power Ventures Ltd.,Utilities,Power,Small,103547469824
SCI.NS,Shipping Corporation of India Ltd.,Industrials,Services,Small,103174479872
AAVAS.NS,Aavas Financiers Ltd.,Financial Services,Financial Services,Small,103115735040
METROPOLIS.NS,Metropolis Healthcare Ltd.,Healthcare,Healthcare,Small,102891593728
HEG.NS,H.E.G. Ltd.,Industrials,Capital Goods,Small,102855450624
SBFC.NS,SBFC Finance Ltd.,Financial Services,Financial Services,Small,102062907392
INOXINDIA.NS,INOX India Ltd.,Industrials,Capital Goods,Small,101754961920
LEMONTREE.NS,Lemon Tree Hotels Ltd.,Consumer Cyclical,Consumer Services,Small,100366688256
RKFORGE.NS,Ramkrishna Forgings Ltd.,Industrials,Automobile and Auto Components,Small,99796254720
VIJAYA.NS,Vijaya Diagnostic Centre Ltd.,Healthcare,Healthcare,Small,99089547264
ELECON.NS,Elecon Engineering Co. Ltd.,Industrials,Capital Goods,Small,99072573440
PVRINOX.NS,PVR INOX Ltd.,Communication Services,Media Entertainment & Publication,Small,98288345088
NCC.NS,NCC Ltd.,Industrials,Construction,Small,98006859776
ENGINERSIN.NS,Engineers India Ltd.,Industrials,Construction,Small,96579395584
JUBLINGREA.NS,Jubilant Ingrevia Ltd.,Basic Materials,Chemicals,Small,96438763520
MMTC.NS,MMTC Ltd.,Industrials,Services,Small,95860473856
HONASA.NS,Honasa Consumer Ltd.,Consumer Defensive,Fast Moving Consumer Goods,Small,92762783744
JYOTHYLAB.NS,Jyothy Labs Ltd.,Consumer Defensive,Fast Moving Consumer Goods,Small,89783943168
BALRAMCHIN.NS,Balrampur Chini Mills Ltd.,Consumer Defensive,Fast Moving Consumer Goods,Small,89221308416
RHIM.NS,RHI MAGNESITA INDIA LTD.,Industrials,Capital Goods,Small,89208619008
LATENTVIEW.NS,Latent View Analytics Ltd.,Industrials,Information Technology,Small,88356962304
ZEEL.NS,Zee Entertainment Enterprises Ltd.,Communication Services,Media Entertainment & Publication,Small,86283460608
SONATSOFTW.NS,Sonata Software Ltd.,Technology,Information Technology,Small,85131919360
TTML.NS,Tata Teleservices (Maharashtra) Ltd.,Communication Services,Telecommunication,Small,85093220352
CLEAN.NS,Clean Science and Technology Ltd.,Basic Materials,Chemicals,Small,84735123456
OLECTRA.NS,Olectra Greentech Ltd.,Industrials,Automobile and Auto Components,Small,83714146304
ABFRL.NS,Aditya Birla Fashion and Retail Ltd.,Consumer Cyclical,Consumer Services,Small,83601498112
CAMPUS.NS,Campus Activewear Ltd.,Consumer Cyclical,Consumer Durables,Small,83426951168
TRIVENI.NS,Triveni Engineering & Industries Ltd.,Consumer Defensive,Fast Moving Consumer Goods,Small,81362272256
ALKYLAMINE.NS,Alkyl Amines Chemicals Ltd.,Basic Materials,Chemicals,Small,79104499712
ALOKINDS.NS,Alok Industries Ltd.,Consumer Cyclical,Textiles,Small,79046623232
TARIL.NS,Transformers And Rectifiers (India) Ltd.,Industrials,Capital Goods,Small,74711269376
NEWGEN.NS,Newgen Software Technologies Ltd.,Technology,Information Technology,Small,74610671616
RCF.NS,Rashtriya Chemicals & Fertilizers Ltd.,Basic Materials,Chemicals,Small,73369010176
BLUEJET.NS,Blue Jet Healthcare Ltd.,Healthcare,Healthcare,Small,71129497600
MAHSEAMLES.NS,Maharashtra Seamless Ltd.,Basic Materials,Capital Goods,Small,70215606272
MAPMYINDIA.NS,C.E. Info Systems Ltd.,Technology,Information Technology,Small,68620967936
AKUMS.NS,Akums Drugs and Pharmaceuticals Ltd.,Healthcare,Healthcare,Small,68596805632
SAPPHIRE.NS,Sapphire Foods India Ltd.,Consumer Cyclical,Consumer Services,Small,68534452224
CERA.NS,Cera Sanitaryware Ltd,Industrials,Consumer Durables,Small,66566791168
DBREALTY.NS,Valor Estate Ltd.,Real Estate,Consumer Services,Small,63803310080
SAREGAMA.NS,Saregama India Ltd,Communication Services,Media Entertainment & Publication,Small,63011438592
TEJASNET.NS,Tejas Networks Ltd.,Technology,Telecommunication,Small,59484917760
HAPPSTMNDS.NS,Happiest Minds Technologies Ltd.,Technology,Information Technology,Small,58274652160
PRAJIND.NS,Praj Industries Ltd.,Industrials,Capital Goods,Small,52690022400
RELINFRA.NS,Reliance Infrastructure Ltd.,Utilities,Power,Small,49627410432
